{"sliced_feature": {" Own-child": {"precision": 1.0, "recall": 0.0, "fbeta": 0.0, "sample_count": 1028}, " Not-in-family": {"precision": 0.65, "recall": 0.14942528735632185, "fbeta": 0.24299065420560748, "sample_count": 1642}, " Unmarried": {"precision": 1.0, "recall": 0.1276595744680851, "fbeta": 0.22641509433962262, "sample_count": 696}, " Husband": {"precision": 0.7241045498547919, "recall": 0.6312236286919831, "fbeta": 0.6744815148782687, "sample_count": 2613}, " Other-relative": {"precision": 1.0, "recall": 0.14285714285714285, "fbeta": 0.25, "sample_count": 205}, " Wife": {"precision": 0.7090909090909091, "recall": 0.7267080745341615, "fbeta": 0.7177914110429449, "sample_count": 329}}}