{"sliced_feature": {" HS-grad": {"precision": 0.6, "recall": 0.21212121212121213, "fbeta": 0.3134328358208955, "sample_count": 2019}, " 9th": {"precision": 1.0, "recall": 0.0, "fbeta": 0.0, "sample_count": 103}, " Assoc-voc": {"precision": 0.5576923076923077, "recall": 0.3717948717948718, "fbeta": 0.4461538461538461, "sample_count": 313}, " Bachelors": {"precision": 0.756198347107438, "recall": 0.745417515274949, "fbeta": 0.7507692307692309, "sample_count": 1104}, " Doctorate": {"precision": 0.7627118644067796, "recall": 0.7758620689655172, "fbeta": 0.7692307692307694, "sample_count": 78}, " Some-college": {"precision": 0.576, "recall": 0.5217391304347826, "fbeta": 0.5475285171102661, "sample_count": 1463}, " Masters": {"precision": 0.8232044198895028, "recall": 0.7801047120418848, "fbeta": 0.8010752688172044, "sample_count": 341}, " 11th": {"precision": 1.0, "recall": 0.0, "fbeta": 0.0, "sample_count": 229}, " 12th": {"precision": 0.4, "recall": 0.3333333333333333, "fbeta": 0.3636363636363636, "sample_count": 87}, " Assoc-acdm": {"precision": 0.6756756756756757, "recall": 0.43103448275862066, "fbeta": 0.5263157894736842, "sample_count": 226}, " 7th-8th": {"precision": 0.0, "recall": 0.0, "fbeta": 0.0, "sample_count": 124}, " Prof-school": {"precision": 0.8586956521739131, "recall": 0.8681318681318682, "fbeta": 0.8633879781420766, "sample_count": 122}, " 5th-6th": {"precision": 1.0, "recall": 0.0, "fbeta": 0.0, "sample_count": 80}, " 10th": {"precision": 0.0, "recall": 0.0, "fbeta": 0.0, "sample_count": 178}, " 1st-4th": {"precision": 1.0, "recall": 0.0, "fbeta": 0.0, "sample_count": 37}, " Preschool": {"precision": 1.0, "recall": 1.0, "fbeta": 1.0, "sample_count": 9}}}