{"sliced_feature": {"Private": {"precision": 0.7097966728280961, "recall": 0.518918918918919, "fbeta": 0.5995316159250585, "sample_count": 3439}, "Federal-gov": {"precision": 0.7419354838709677, "recall": 0.7419354838709677, "fbeta": 0.7419354838709677, "sample_count": 140}, "Self-emp-inc": {"precision": 0.8021978021978022, "recall": 0.776595744680851, "fbeta": 0.7891891891891892, "sample_count": 163}, "State-gov": {"precision": 0.8444444444444444, "recall": 0.8085106382978723, "fbeta": 0.8260869565217391, "sample_count": 180}, "?": {"precision": 0.5555555555555556, "recall": 0.17857142857142858, "fbeta": 0.2702702702702703, "sample_count": 271}, "Self-emp-not-inc": {"precision": 0.6022727272727273, "recall": 0.5, "fbeta": 0.5463917525773196, "sample_count": 375}, "Local-gov": {"precision": 0.5760869565217391, "recall": 0.5824175824175825, "fbeta": 0.5792349726775957, "sample_count": 312}, "Without-pay": {"precision": 1.0, "recall": 1.0, "fbeta": 1.0, "sample_count": 4}, "Never-worked": {"precision": 1.0, "recall": 1.0, "fbeta": 1.0, "sample_count": 1}}}