{"sliced_feature": {"Bachelors": {"precision": 0.7130434782608696, "recall": 0.7365269461077845, "fbeta": 0.7245949926362297, "sample_count": 787}, "Assoc-voc": {"precision": 0.7333333333333333, "recall": 0.3728813559322034, "fbeta": 0.49438202247191015, "sample_count": 203}, "HS-grad": {"precision": 0.4891304347826087, "recall": 0.18672199170124482, "fbeta": 0.2702702702702703, "sample_count": 1592}, "10th": {"precision": 1.0, "recall": 0.0, "fbeta": 0.0, "sample_count": 145}, "5th-6th": {"precision": 0.0, "recall": 0.0, "fbeta": 0.0, "sample_count": 62}, "Prof-school": {"precision": 0.8732394366197183, "recall": 0.8985507246376812, "fbeta": 0.8857142857142857, "sample_count": 96}, "Masters": {"precision": 0.7828947368421053, "recall": 0.8206896551724138, "fbeta": 0.8013468013468013, "sample_count": 251}, "Some-college": {"precision": 0.6358024691358025, "recall": 0.5202020202020202, "fbeta": 0.5722222222222223, "sample_count": 1088}, "9th": {"precision": 1.0, "recall": 0.0, "fbeta": 0.0, "sample_count": 78}, "7th-8th": {"precision": 0.0, "recall": 0.0, "fbeta": 0.0, "sample_count": 106}, "1st-4th": {"precision": 1.0, "recall": 0.0, "fbeta": 0.0, "sample_count": 21}, "11th": {"precision": 1.0, "recall": 0.0, "fbeta": 0.0, "sample_count": 162}, "Doctorate": {"precision": 0.85, "recall": 0.918918918918919, "fbeta": 0.8831168831168831, "sample_count": 50}, "Assoc-acdm": {"precision": 0.65625, "recall": 0.4772727272727273, "fbeta": 0.5526315789473685, "sample_count": 158}, "12th": {"precision": 0.0, "recall": 0.0, "fbeta": 0.0, "sample_count": 75}, "Preschool": {"precision": 1.0, "recall": 1.0, "fbeta": 1.0, "sample_count": 11}}}