{"sliced_feature": {"White": {"precision": 0.7080890973036342, "recall": 0.5714285714285714, "fbeta": 0.6324607329842932, "sample_count": 4163}, "Asian-Pac-Islander": {"precision": 0.6410256410256411, "recall": 0.5434782608695652, "fbeta": 0.5882352941176471, "sample_count": 171}, "Black": {"precision": 0.6666666666666666, "recall": 0.3508771929824561, "fbeta": 0.4597701149425287, "sample_count": 475}, "Amer-Indian-Eskimo": {"precision": 0.5, "recall": 0.4, "fbeta": 0.4444444444444445, "sample_count": 46}, "Other": {"precision": 0.5, "recall": 0.3333333333333333, "fbeta": 0.4, "sample_count": 30}}}