{"sliced_feature": {" State-gov": {"precision": 0.7868852459016393, "recall": 0.7164179104477612, "fbeta": 0.7500000000000001, "sample_count": 254}, " Federal-gov": {"precision": 0.7142857142857143, "recall": 0.7246376811594203, "fbeta": 0.7194244604316546, "sample_count": 183}, " Private": {"precision": 0.6972010178117048, "recall": 0.5485485485485485, "fbeta": 0.6140056022408964, "sample_count": 4588}, " Self-emp-not-inc": {"precision": 0.6105263157894737, "recall": 0.4027777777777778, "fbeta": 0.48535564853556484, "sample_count": 519}, " Self-emp-inc": {"precision": 0.765625, "recall": 0.8032786885245902, "fbeta": 0.784, "sample_count": 222}, " Local-gov": {"precision": 0.67, "recall": 0.6036036036036037, "fbeta": 0.6350710900473934, "sample_count": 385}, " ?": {"precision": 0.5, "recall": 0.18421052631578946, "fbeta": 0.2692307692307692, "sample_count": 358}, " Without-pay": {"precision": 0.0, "recall": 1.0, "fbeta": 0.0, "sample_count": 3}, " Never-worked": {"precision": 1.0, "recall": 1.0, "fbeta": 1.0, "sample_count": 1}}}