{"sliced_feature": {" Never-married": {"precision": 0.7, "recall": 0.06363636363636363, "fbeta": 0.11666666666666667, "sample_count": 2086}, " Married-civ-spouse": {"precision": 0.7064, "recall": 0.6709726443768997, "fbeta": 0.6882307092751365, "sample_count": 3021}, " Divorced": {"precision": 0.7647058823529411, "recall": 0.12871287128712872, "fbeta": 0.22033898305084745, "sample_count": 898}, " Married-spouse-absent": {"precision": 1.0, "recall": 0.0, "fbeta": 0.0, "sample_count": 85}, " Widowed": {"precision": 1.0, "recall": 0.0, "fbeta": 0.0, "sample_count": 191}, " Separated": {"precision": 1.0, "recall": 0.14285714285714285, "fbeta": 0.25, "sample_count": 227}, " Married-AF-spouse": {"precision": 1.0, "recall": 0.5, "fbeta": 0.6666666666666666, "sample_count": 5}}}