{"sliced_feature": {" White": {"precision": 0.7306088407005839, "recall": 0.5967302452316077, "fbeta": 0.656917885264342, "sample_count": 5595}, " Black": {"precision": 0.5869565217391305, "recall": 0.4153846153846154, "fbeta": 0.48648648648648657, "sample_count": 604}, " Other": {"precision": 1.0, "recall": 0.5, "fbeta": 0.6666666666666666, "sample_count": 60}, " Asian-Pac-Islander": {"precision": 0.7317073170731707, "recall": 0.6122448979591837, "fbeta": 0.6666666666666666, "sample_count": 186}, " Amer-Indian-Eskimo": {"precision": 1.0, "recall": 0.14285714285714285, "fbeta": 0.25, "sample_count": 68}}}