{"sliced_feature": {"Husband": {"precision": 0.7075949367088608, "recall": 0.6366742596810934, "fbeta": 0.6702637889688249, "sample_count": 2002}, "Unmarried": {"precision": 0.8333333333333334, "recall": 0.19230769230769232, "fbeta": 0.3125, "sample_count": 502}, "Other-relative": {"precision": 1.0, "recall": 0.25, "fbeta": 0.4, "sample_count": 151}, "Wife": {"precision": 0.6509433962264151, "recall": 0.6330275229357798, "fbeta": 0.641860465116279, "sample_count": 228}, "Not-in-family": {"precision": 0.7391304347826086, "recall": 0.12408759124087591, "fbeta": 0.2125, "sample_count": 1242}, "Own-child": {"precision": 0.0, "recall": 0.0, "fbeta": 0.0, "sample_count": 760}}}