{"sliced_feature": {"Married-civ-spouse": {"precision": 0.700445434298441, "recall": 0.6340725806451613, "fbeta": 0.6656084656084655, "sample_count": 2260}, "Separated": {"precision": 1.0, "recall": 0.16666666666666666, "fbeta": 0.2857142857142857, "sample_count": 152}, "Never-married": {"precision": 0.6666666666666666, "recall": 0.08571428571428572, "fbeta": 0.1518987341772152, "sample_count": 1602}, "Married-AF-spouse": {"precision": 1.0, "recall": 1.0, "fbeta": 1.0, "sample_count": 2}, "Divorced": {"precision": 0.8333333333333334, "recall": 0.1875, "fbeta": 0.3061224489795918, "sample_count": 676}, "Married-spouse-absent": {"precision": 1.0, "recall": 0.0, "fbeta": 0.0, "sample_count": 54}, "Widowed": {"precision": 0.5, "recall": 0.07142857142857142, "fbeta": 0.125, "sample_count": 139}}}